# columns: pulse_id,t_mid_s,esr_ohm,cap_F,E_J,P_peak_W,P_avg_W,i_col,source
1,1.151997600e-02,-4.365054808e-05,-3.727470436e-03,-5.919760332e-01,0.000000000e+00,-2.569345775e+01,i_A,per_pulse
2,1.151997600e-02,-5.242002542e-06,5.530197103e-03,-7.731696162e-01,0.000000000e+00,-3.355777895e+01,i_A,per_pulse
3,1.151997600e-02,2.307235635e-02,8.252016824e-04,-9.018025854e-01,1.539463079e+03,-3.914081876e+01,i_A,per_pulse
4,1.151997600e-02,-2.985309854e-05,-1.776786755e-03,-1.135569758e+00,0.000000000e+00,-4.928698452e+01,i_A,per_pulse
5,1.151997600e-02,1.581192935e-02,9.121719779e-04,-1.140022420e+00,1.539773080e+03,-4.948024286e+01,i_A,per_pulse
6,1.151997600e-02,1.284603434e-02,7.398905845e-04,-1.162589027e+00,1.539153079e+03,-5.045969832e+01,i_A,per_pulse
7,1.151997600e-02,2.307991326e-02,9.195625540e-04,-1.221056726e+00,1.538843078e+03,-5.299736416e+01,i_A,per_pulse
8,1.151997600e-02,1.820829356e-02,8.310544993e-04,-1.517992995e+00,1.540083081e+03,-6.588524990e+01,i_A,per_pulse
9,1.151997600e-02,1.484154968e-02,6.831030332e-04,-1.085658377e+00,1.538843078e+03,-4.712068744e+01,i_A,per_pulse
10,1.151997600e-02,1.681210640e-02,7.581239067e-04,-1.042544328e+00,1.539153079e+03,-4.524941404e+01,i_A,per_pulse
11,1.151997600e-02,1.064004290e-02,6.577366883e-04,-1.226890794e+00,1.539153079e+03,-5.325057941e+01,i_A,per_pulse
12,1.151997600e-02,2.545885752e-02,8.980284887e-04,-9.094413826e-01,1.539153079e+03,-3.947236446e+01,i_A,per_pulse
13,1.151997600e-02,3.220083098e-02,8.554685599e-04,-7.006484618e-01,1.554343109e+03,-3.041015284e+01,i_A,per_pulse
14,1.151997600e-02,2.540204983e-02,7.856910598e-04,-6.177966681e-01,1.539463079e+03,-2.681414736e+01,i_A,per_pulse
15,1.151997600e-02,2.479794005e-02,7.605200164e-04,-6.583588294e-01,1.539773080e+03,-2.857466150e+01,i_A,per_pulse
16,1.151997600e-02,2.546420334e-02,8.254859553e-04,-7.772551813e-01,1.559303119e+03,-3.373510419e+01,i_A,per_pulse
17,1.151997600e-02,1.879613662e-02,6.997082855e-04,-1.036063699e+00,1.538533077e+03,-4.496813617e+01,i_A,per_pulse
18,1.151997600e-02,7.074233631e-03,5.765578048e-04,-1.224676673e+00,1.166687333e+03,-5.315448023e+01,i_A,per_pulse
19,1.151997600e-02,2.485732383e-02,9.380487057e-04,-1.177652066e+00,1.539463079e+03,-5.111347743e+01,i_A,per_pulse
20,1.151997600e-02,1.860880761e-02,7.335904512e-04,-1.205232719e+00,1.540083081e+03,-5.231055684e+01,i_A,per_pulse
21,1.151997600e-02,2.038537007e-02,8.787734188e-04,-1.214102061e+00,1.545353091e+03,-5.269551173e+01,i_A,per_pulse
22,1.151997600e-02,2.660068096e-02,1.025677954e-03,-8.961584339e-01,1.538223077e+03,-3.889584639e+01,i_A,per_pulse
23,1.151997600e-02,2.318669486e-02,9.371195187e-04,-1.023826649e+00,1.539463079e+03,-4.443701310e+01,i_A,per_pulse
24,1.151997600e-02,2.564612065e-02,1.034579036e-03,-1.073378833e+00,1.538843078e+03,-4.658772002e+01,i_A,per_pulse
25,1.151997600e-02,1.071127733e-02,6.721842757e-04,-1.276189922e+00,1.545043090e+03,-5.539030300e+01,i_A,per_pulse
26,1.151997600e-02,1.817485760e-02,6.842217318e-04,-1.112754435e+00,1.539153079e+03,-4.829673408e+01,i_A,per_pulse
27,1.151997600e-02,2.214933518e-02,7.504803074e-04,-8.505153004e-01,1.540083081e+03,-3.691480349e+01,i_A,per_pulse
28,1.151997600e-02,1.820554673e-02,7.488820777e-04,-1.146878089e+00,1.539463079e+03,-4.977779855e+01,i_A,per_pulse
29,1.151997600e-02,1.580763988e-02,7.259327443e-04,-8.205251063e-01,1.543183087e+03,-3.561314304e+01,i_A,per_pulse
30,1.151997600e-02,2.233243081e-02,9.336676582e-04,-1.169904028e+00,1.167849835e+03,-5.077719031e+01,i_A,per_pulse
31,1.151997600e-02,2.183554060e-02,9.619727339e-04,-1.297895046e+00,1.538843078e+03,-5.633236763e+01,i_A,per_pulse
32,1.151997600e-02,2.259094974e-02,9.110538774e-04,-1.261469747e+00,1.538533077e+03,-5.475140517e+01,i_A,per_pulse
33,1.151997600e-02,3.374061814e-02,9.512296636e-04,-8.583585008e-01,1.559923120e+03,-3.725522088e+01,i_A,per_pulse
34,1.151997600e-02,1.746061397e-02,9.916029883e-04,-1.241837220e+00,1.539153079e+03,-5.389929718e+01,i_A,per_pulse
35,1.151997600e-02,1.973395095e-02,7.919530373e-04,-1.055531711e+00,1.539153079e+03,-4.581310372e+01,i_A,per_pulse
36,1.151997600e-02,1.914922541e-02,9.334156973e-04,-1.636392908e+00,1.539463079e+03,-7.102414573e+01,i_A,per_pulse
37,1.151997600e-02,2.336573427e-02,1.041863879e-03,-1.195077865e+00,1.542253085e+03,-5.186980705e+01,i_A,per_pulse
38,1.151997600e-02,1.081594882e-02,7.463239662e-04,-1.270034471e+00,1.539153079e+03,-5.512313875e+01,i_A,per_pulse
39,1.151997600e-02,8.866620827e-03,6.003727377e-04,-1.312075581e+00,1.539463079e+03,-5.694784349e+01,i_A,per_pulse
40,1.151997600e-02,1.361021533e-02,8.554228549e-04,-1.393442556e+00,1.538843078e+03,-6.047940359e+01,i_A,per_pulse
41,1.151997600e-02,1.910569489e-02,8.404343597e-04,-1.258954194e+00,1.538843078e+03,-5.464222297e+01,i_A,per_pulse
42,1.151997600e-02,1.164611557e-02,6.770737809e-04,-1.136356255e+00,1.538843078e+03,-4.932112075e+01,i_A,per_pulse
43,1.151997600e-02,1.140510401e-02,6.319621224e-04,-1.177246896e+00,1.540393081e+03,-5.109589188e+01,i_A,per_pulse
44,1.151997600e-02,1.019681857e-02,7.704068558e-04,-1.704486570e+00,1.189704879e+03,-7.397960593e+01,i_A,per_pulse
45,1.151997600e-02,1.485214052e-02,7.687419383e-04,-1.621609033e+00,1.539463079e+03,-7.038248315e+01,i_A,per_pulse
46,1.151997600e-02,2.054574666e-02,8.672981819e-04,-1.376742957e+00,1.539153079e+03,-5.975459310e+01,i_A,per_pulse
47,1.151997600e-02,1.865491839e-02,1.101080618e-03,-1.650226677e+00,1.539773080e+03,-7.162457095e+01,i_A,per_pulse
48,1.151997600e-02,1.574019706e-02,9.442828237e-04,-1.622120932e+00,1.539463079e+03,-7.040470104e+01,i_A,per_pulse
49,1.151997600e-02,1.107889619e-02,6.650855556e-04,-1.378639515e+00,1.538533077e+03,-5.983690917e+01,i_A,per_pulse
50,1.151997600e-02,1.995666680e-02,9.550349713e-04,-1.373109233e+00,1.545663092e+03,-5.959687907e+01,i_A,per_pulse
51,1.151997600e-02,2.363222064e-02,9.042024194e-04,-1.399038475e+00,1.182032364e+03,-6.072228256e+01,i_A,per_pulse
52,1.151997600e-02,8.661261643e-03,6.288674535e-04,-1.521471451e+00,1.538843078e+03,-6.603622488e+01,i_A,per_pulse
53,1.151997600e-02,1.899588909e-02,9.079532635e-04,-1.655801642e+00,1.538533077e+03,-7.186654042e+01,i_A,per_pulse
54,1.151997600e-02,1.433966798e-02,7.381652402e-04,-1.763869350e+00,1.539463079e+03,-7.655698890e+01,i_A,per_pulse
55,1.151997600e-02,2.229277601e-02,9.712851505e-04,-1.530163130e+00,1.538223077e+03,-6.641346865e+01,i_A,per_pulse
56,1.151997600e-02,1.867566050e-02,8.721879388e-04,-1.064092374e+00,1.539773080e+03,-4.618466106e+01,i_A,per_pulse
57,1.151997600e-02,1.797163504e-02,7.915692515e-04,-1.224202733e+00,1.539463079e+03,-5.313390987e+01,i_A,per_pulse
58,1.151997600e-02,1.780380770e-02,7.695093160e-04,-8.256414074e-01,1.539463079e+03,-3.583520519e+01,i_A,per_pulse
59,1.151997600e-02,1.560465177e-02,7.024938297e-04,-1.433105532e+00,1.538843078e+03,-6.220089051e+01,i_A,per_pulse
60,1.151997600e-02,1.135056759e-02,6.540637399e-04,-1.748415609e+00,1.538533077e+03,-7.588625224e+01,i_A,per_pulse
61,1.151997600e-02,1.555807238e-02,7.460212290e-04,-1.246099863e+00,1.171569843e+03,-5.408430812e+01,i_A,per_pulse
1,1.151997600e-02,-4.365054808e-05,-3.727470436e-03,-5.919760332e-01,0.000000000e+00,-2.569345775e+01,i_A,per_pulse
2,1.151997600e-02,-5.242002542e-06,5.530197103e-03,-7.731696162e-01,0.000000000e+00,-3.355777895e+01,i_A,per_pulse
3,1.151997600e-02,2.307235635e-02,8.252016824e-04,-9.018025854e-01,1.539463079e+03,-3.914081876e+01,i_A,per_pulse
4,1.151997600e-02,-2.985309854e-05,-1.776786755e-03,-1.135569758e+00,0.000000000e+00,-4.928698452e+01,i_A,per_pulse
